Provinsi dg Rata2,,,,,,,,,,,,,,,,,,,,,,,,,,,
,Rata-rata Upah/Gaji Bersih Sebulan Buruh/Karyawan/Pegawai Menurut Provinsi dan Jenis Pekerjaan Utama (Rupiah),,,,,,,,,,,,,,,,,,,,,,,,,,
,"Tenaga Profesional, Teknisi dan yang Sejenis",,,Tenaga Kepemimpinan dan Ketatalaksanaan,,,Tenaga Tata Usaha dan yang Sejenis,,,Tenaga Usaha Penjualan,,,Tenaga Usaha Jasa,,,"Tenaga Usaha Pertanian, Kehutanan, Perburuan dan Perikanan",,,"Tenaga Produksi, Operator Alat-alat Angkutan dan Pekerja Kasar",,,Lainnya,,,Jumlah,,
,2025,,,2025,,,2025,,,2025,,,2025,,,2025,,,2025,,,2025,,,2025,,
,Februari,Agustus,Tahunan,Februari,Agustus,Tahunan,Februari,Agustus,Tahunan,Februari,Agustus,Tahunan,Februari,Agustus,Tahunan,Februari,Agustus,Tahunan,Februari,Agustus,Tahunan,Februari,Agustus,Tahunan,Februari,Agustus,Tahunan
ACEH,2713945,2981520,-,5133320,5812628,-,3373298,3095909,-,3398233,2080224,-,1885339,1621239,-,2160569,2380066,-,2547079,2459302,-,4080986,4699891,-,2884151,2837520,-
SUMATERA UTARA,3129672,3214099,-,4991248,5814967,-,3073877,3272063,-,2326467,2401596,-,1601345,1749327,-,1874530,2328571,-,2544361,2742732,-,2944563,3523941,-,2647529,2815066,-
SUMATERA BARAT,3257818,3547621,-,5197987,5606816,-,2811859,3348669,-,2571444,2229147,-,1399633,2210435,-,2095397,2148026,-,2465030,2435487,-,4329754,3690923,-,2831404,2911450,-
RIAU,3614588,3804879,-,3371978,4916561,-,3421979,3417085,-,2571713,2485335,-,1602021,2028512,-,2433482,2756533,-,3156882,3150220,-,3737657,3563134,-,3083274,3144261,-
JAMBI,3144836,3409725,-,8587547,6812333,-,3199524,3171376,-,2208600,2528612,-,2058526,2221689,-,1998954,2219306,-,2532997,3009108,-,3201595,3793776,-,2789581,2975646,-
SUMATERA SELATAN,2949990,3695599,-,4661158,5768709,-,3435611,3660703,-,2434652,2482655,-,1487199,1885189,-,1993603,2158824,-,2935136,2987150,-,3468483,4075076,-,2727684,3015055,-
BENGKULU,2722786,3544546,-,4208505,5862473,-,2848538,3333651,-,1947289,2339947,-,1794264,2048700,-,2032637,2151457,-,2344716,2338116,-,3539774,3805763,-,2566215,2935681,-
LAMPUNG,2565592,2927623,-,2845858,5735902,-,2763641,3299214,-,1783079,2039282,-,1469648,1736635,-,1786412,2039242,-,2347380,2315360,-,3947820,3902352,-,2320932,2520619,-
KEP. BANGKA BELITUNG,3840638,4030362,-,3072517,5159908,-,3722496,3937234,-,2376116,2634026,-,1778884,1895948,-,2926325,2774180,-,3055374,2871376,-,4473842,4328564,-,3155887,3202690,-
KEP. RIAU,5754810,5933240,-,6328247,8448257,-,4047910,5004710,-,4011226,3468556,-,2497503,2683037,-,2942935,2456126,-,5093424,4734870,-,4265519,5088048,-,4741492,4768990,-
DKI JAKARTA,7933903,7421972,-,11241319,10311640,-,5416843,6813205,-,4278522,5011088,-,2877226,4436525,-,-,1636857,-,3714385,5073808,-,4025452,5257887,-,4878943,4878943,-
JAWA BARAT,3653882,4826039,-,7086063,8631737,-,4429960,5208152,-,3176262,3495362,-,2003917,2542146,-,1658821,2176900,-,2998872,3269887,-,3328882,3961252,-,3258613,3768080,-
JAWA TENGAH,3000366,3341764,-,5149865,5774641,-,2958899,3035117,-,2007044,2041157,-,1849111,1715128,-,2337848,2374366,-,2254292,2335874,-,3218890,3366058,-,2441045,2528470,-
DI YOGYAKARTA,4797530,4601736,-,5082252,5628515,-,3273004,3503706,-,2216317,2572486,-,1794728,1667043,-,1629083,1878915,-,2130474,2254557,-,4214193,3284425,-,2914645,2924613,-
JAWA TIMUR,2880653,3232296,-,5140246,7212132,-,3265544,3606445,-,1982458,2425543,-,1603151,2188353,-,1570450,2314886,-,2596544,2706025,-,3651521,3784204,-,2625050,2899074,-
BANTEN,4225829,5290622,-,-,8438965,-,4444784,5392104,-,3372282,3562471,-,3068549,2506142,-,3848896,2363113,-,4458056,3791499,-,3368077,3918289,-,4168622,4062488,-
BALI,3898521,4440406,-,5842270,6812955,-,3483578,3681658,-,2866724,2700468,-,5410148,4719218,-,1439738,2031977,-,3147621,3175116,-,4363592,4200306,-,3617339,3639413,-
NUSA TENGGARA BARAT,2514339,2724873,-,5142312,4557339,-,2706086,3116138,-,1814842,2053388,-,1378687,1772229,-,1404024,2503208,-,2054579,2151992,-,3482497,3713907,-,2377411,2569181,-
NUSA TENGGARA TIMUR,2669354,2979458,-,4171454,5301885,-,2602605,3022953,-,1494468,1898489,-,1568341,1793513,-,1496487,2232568,-,1646848,1786648,-,3142457,3575884,-,2341352,2674136,-
KALIMANTAN BARAT,3282692,3483361,-,4955477,4947817,-,3334969,3376341,-,2010114,2183537,-,2073394,1810906,-,2402978,2693579,-,2715857,2890366,-,4095307,4178496,-,2829690,2972111,-
KALIMANTAN TENGAH,3292890,3702243,-,5085682,6132933,-,3107592,3534781,-,2417112,2509281,-,2006478,2318532,-,3031453,3127387,-,3437286,3563967,-,4316326,4359137,-,3265545,3451676,-
KALIMANTAN SELATAN,3266033,3539197,-,5988399,5957020,-,3295212,3586152,-,2750622,2396581,-,1819635,1824531,-,2801569,2843195,-,3444722,3110069,-,3894650,3717308,-,3269734,3164480,-
KALIMANTAN TIMUR,4356925,4836146,-,5867452,7718641,-,4846991,4417903,-,3266943,3196141,-,2540773,2634543,-,3708711,3941999,-,4720911,4772812,-,4350057,4443046,-,4439658,4475944,-
KALIMANTAN UTARA,5593614,4184532,-,6641154,6921590,-,4536126,4281171,-,2592776,2449338,-,2540860,2368280,-,4490241,2346306,-,3482330,3586003,-,4851226,4180955,-,4355707,3675921,-
SULAWESI UTARA,3813063,3735631,-,5470897,5360372,-,3421103,3818037,-,-,2869993,-,2217193,2741507,-,2267378,2722112,-,3000045,3159288,-,4505958,4443252,-,3332950,3420935,-
SULAWESI TENGAH,3672948,3477369,-,3802557,5062211,-,2898296,3202301,-,1914634,2011331,-,1793185,1991948,-,2127075,2242245,-,3172721,2786746,-,4245996,4354625,-,3077492,3056120,-
SULAWESI SELATAN,3332271,3836641,-,5719693,5754763,-,2967330,3101705,-,2353395,2496597,-,1970698,2174948,-,1900037,2257315,-,2628474,2701812,-,4881287,4080926,-,2956256,3060385,-
SULAWESI TENGGARA,3152627,3577563,-,4240814,6089645,-,2735835,3247905,-,2151695,2285592,-,2292006,2186770,-,2581124,2748946,-,2860996,2771282,-,4518524,4485128,-,2928215,3189724,-
GORONTALO,3064078,3650187,-,4985224,4697903,-,2466225,3057360,-,2340714,2155517,-,1189180,1436795,-,1815333,2923937,-,2182895,2303710,-,4203160,4725419,-,2506904,2911813,-
SULAWESI BARAT,3020618,2980227,-,5842685,4931245,-,2357733,2965862,-,1376120,1766544,-,1134565,2213329,-,1311169,2432337,-,2272755,2130144,-,4519791,4046062,-,2608578,2698528,-
MALUKU,3193234,3370977,-,3036062,5643951,-,2639484,3158995,-,2101285,2210624,-,2570983,2082634,-,2211988,2229491,-,2640471,2304622,-,4165311,4508560,-,2866807,3100805,-
MALUKU UTARA,3379277,3353375,-,3949297,4612560,-,3479465,4035543,-,2147046,2343610,-,2170703,2628662,-,2042276,2441986,-,4264454,3688822,-,4985061,5026145,-,3666126,3620219,-
PAPUA BARAT,3669680,4066093,-,5804642,9060158,-,3387503,3755490,-,2279172,2847544,-,2880735,2649057,-,1671564,2576491,-,2949553,3211057,-,4081211,4489457,-,3459119,3765973,-
PAPUA BARAT DAYA,3897439,3967185,-,4905804,8474589,-,3317559,3687763,-,2724881,3355240,-,2516103,2746077,-,2577214,2872880,-,3886898,3458941,-,5009306,4415089,-,3644386,3837947,-
PAPUA,4094145,4256588,-,5216689,8075411,-,3979126,4774183,-,3421435,3559370,-,3944531,3718081,-,2925093,3690224,-,3030340,3664250,-,5266423,5448601,-,3984589,4426645,-
PAPUA SELATAN,3660813,4650519,-,8968632,4758602,-,3435583,4351452,-,2625679,2765001,-,2837310,2525622,-,4331960,4484825,-,3437257,3547992,-,4378202,5325340,-,3865415,4264963,-
PAPUA TENGAH,3708528,4949162,-,9619051,9717622,-,3536623,4869214,-,1932238,2474011,-,2335188,5298878,-,3790124,2960534,-,6818963,5093486,-,3941038,6036563,-,4747826,4808336,-
PAPUA PEGUNUNGAN,4705276,4705900,-,3896726,6476063,-,4763585,4419012,-,2909457,2927434,-,2686040,-,-,1004088,1771650,-,3223286,4251209,-,4133578,4957101,-,4133474,3941546,-
RATA-RATA,3537693,3985878,-,5829431,6952124,-,3670434,4116144,-,2655030,2823865,-,2138537,2399758,-,2119471,2410526,-,2903333,3008792,-,3736206,4028054,-,3094818,3331012,-